zmienna_1,target
3.231505994719562,12.483070856497097
-7.596777808870421,2.057401653004777
0.3466499198002744,-13.447626807026257
0.2536340080265358,18.103395335976703
-1.0485941451138352,-3.5954692163830693
6.399145836310808,-24.756232663256935
-9.680087111004456,5.0030436600952335
-8.300916331065249,-24.896803234044445
1.3644414260532738,4.962814198125768
1.2551569937171543,-0.1456719176890644
