zmienna_1,target
-1.0874249594404493,-0.6848226666125526
2.4524443381911833,0.4621852940700685
0.20227231557580794,0.09523981671879636
-4.880705801950419,0.8517764992706531
-4.663420552662916,0.8812243375997624
-2.5644260614576844,-0.6769795331095787
-0.572299313116603,-0.7730995456997329
-1.096300104212209,-0.872420769323807
-2.8325427501693214,-0.3235493007920716
0.22969631308342642,0.2427249985174165
